{
  "engine": "AngelScript AOT",
  "samples": [
    {
      "name": "native_loop",
      "repeat_count": 1,
      "best_ms": 6.345532,
      "median_ms": 6.475934,
      "average_ms": 6.473767,
      "checksum": 2571661689,
      "runs_ms": [6.400250, 6.534587, 6.497701, 6.475934, 6.345532, 6.712111, 6.350255]
    },
    {
      "name": "fibonacci_loop",
      "repeat_count": 3,
      "best_ms": 0.882208,
      "median_ms": 0.989320,
      "average_ms": 1.008447,
      "checksum": 215433452,
      "runs_ms": [0.965733, 0.992316, 0.943769, 0.882208, 1.114791, 0.989320, 1.170994]
    },
    {
      "name": "fibonacci_recursive",
      "repeat_count": 1,
      "best_ms": 61.343974,
      "median_ms": 61.878834,
      "average_ms": 62.241508,
      "checksum": 2655782038,
      "runs_ms": [61.343974, 62.043794, 61.733995, 61.412668, 63.742259, 63.535029, 61.878834]
    },
    {
      "name": "mandelbrot",
      "repeat_count": 1,
      "best_ms": 1.331530,
      "median_ms": 1.338320,
      "average_ms": 1.341058,
      "checksum": 2654667767,
      "runs_ms": [1.354508, 1.331530, 1.334806, 1.342051, 1.334220, 1.338320, 1.351970]
    }
  ]
}
