{
  "engine": "AngelScript",
  "samples": [
    {
      "name": "native_loop",
      "repeat_count": 1,
      "best_ms": 21.592243,
      "median_ms": 21.679199,
      "average_ms": 22.031969,
      "checksum": 2571661689,
      "runs_ms": [21.619483, 21.679199, 21.592243, 23.107761, 21.650861, 22.080142, 22.494093]
    },
    {
      "name": "fibonacci_loop",
      "repeat_count": 3,
      "best_ms": 3.466423,
      "median_ms": 3.543637,
      "average_ms": 3.550593,
      "checksum": 215433452,
      "runs_ms": [3.626674, 3.543637, 3.583598, 3.572956, 3.534232, 3.466423, 3.526631]
    },
    {
      "name": "fibonacci_recursive",
      "repeat_count": 1,
      "best_ms": 55.604576,
      "median_ms": 56.508391,
      "average_ms": 56.557083,
      "checksum": 2655782038,
      "runs_ms": [55.604576, 55.824429, 57.072461, 56.829877, 56.508391, 56.416446, 57.643403]
    },
    {
      "name": "mandelbrot",
      "repeat_count": 1,
      "best_ms": 4.413623,
      "median_ms": 4.429716,
      "average_ms": 4.475345,
      "checksum": 2654667767,
      "runs_ms": [4.464148, 4.418223, 4.413623, 4.429716, 4.554304, 4.417654, 4.629750]
    }
  ]
}
