{
  "engine": "Lua",
  "samples": [
    {
      "name": "native_loop",
      "repeat_count": 1,
      "best_ms": 113.913517,
      "median_ms": 116.695257,
      "average_ms": 115.906336,
      "checksum": 2571661689,
      "runs_ms": [114.769897, 114.583005, 117.412525, 116.976766, 116.993383, 116.695257, 113.913517]
    },
    {
      "name": "fibonacci_loop",
      "repeat_count": 3,
      "best_ms": 21.253959,
      "median_ms": 22.027978,
      "average_ms": 21.910573,
      "checksum": 215433452,
      "runs_ms": [22.498339, 22.671320, 22.128327, 22.027978, 21.356321, 21.253959, 21.437768]
    },
    {
      "name": "fibonacci_recursive",
      "repeat_count": 1,
      "best_ms": 52.946046,
      "median_ms": 53.287891,
      "average_ms": 53.394209,
      "checksum": 2655782038,
      "runs_ms": [53.180620, 52.946046, 53.470046, 53.318183, 53.287891, 54.511748, 53.044926]
    },
    {
      "name": "mandelbrot",
      "repeat_count": 1,
      "best_ms": 4.508815,
      "median_ms": 4.608592,
      "average_ms": 4.654838,
      "checksum": 2654667767,
      "runs_ms": [4.822785, 4.538418, 4.508815, 4.608592, 4.645639, 4.878876, 4.580744]
    }
  ]
}
