{
  "engine": "Lua",
  "samples": [
    {
      "name": "native_loop",
      "repeat_count": 1,
      "best_ms": 65.536475,
      "median_ms": 66.619529,
      "average_ms": 66.467184,
      "checksum": 24093043224953,
      "runs_ms": [66.788279, 66.619529, 65.536475, 66.048169, 66.452616, 66.913027, 66.912191]
    },
    {
      "name": "fibonacci_loop",
      "repeat_count": 3,
      "best_ms": 8.913761,
      "median_ms": 9.214716,
      "average_ms": 9.227044,
      "checksum": 3666933032357937388,
      "runs_ms": [9.037723, 9.264317, 9.186958, 9.235151, 9.736680, 8.913761, 9.214716]
    },
    {
      "name": "fibonacci_recursive",
      "repeat_count": 1,
      "best_ms": 100.101193,
      "median_ms": 103.245698,
      "average_ms": 103.412092,
      "checksum": 2655782038,
      "runs_ms": [100.101193, 102.148743, 107.187587, 103.864788, 106.955239, 100.381398, 103.245698]
    },
    {
      "name": "mandelbrot",
      "repeat_count": 1,
      "best_ms": 9.882642,
      "median_ms": 10.932207,
      "average_ms": 11.540699,
      "checksum": 2654667767,
      "runs_ms": [9.882642, 11.728085, 10.409154, 10.886067, 13.242952, 13.703786, 10.932207]
    }
  ]
}
